{"cameraMode":{"drawMode":0,"name":"Shaded","section":"Shading Mode"},"sceneLighting":true,"audioPlay":false,"sceneViewState":{"showFog":false,"showMaterialUpdate":false,"showSkybox":false,"showFlares":false,"showImageEffects":false,"showParticleSystems":true},"in2DMode":false,"pivot":{"x":-7.4218902587890629,"y":-17.986385345458986,"z":25.857887268066408},"rotation":{"x":0.20461557805538178,"y":-0.3913011848926544,"z":0.08968673646450043,"w":0.8927329778671265},"size":136.3919677734375,"orthographic":false}