{"cameraMode":{"drawMode":0,"name":"Shaded","section":"Shading Mode"},"sceneLighting":false,"audioPlay":false,"sceneViewState":{"showFog":false,"showMaterialUpdate":false,"showSkybox":false,"showFlares":false,"showImageEffects":false,"showParticleSystems":true},"in2DMode":false,"pivot":{"x":-8.943933486938477,"y":-3.2244606018066408,"z":-2.3850903511047365},"rotation":{"x":0.20277142524719239,"y":-0.5454695820808411,"z":0.13800933957099915,"w":0.8014363646507263},"size":5.003296375274658,"orthographic":false}